case,vertebra,before_components,after_components,before_volume_ml,after_volume_ml,removed_voxels,added_voxels,review_flags
BDMAP_00000006,vertebrae_L5,5,2,57.92999267578125,57.89337158203125,24,0,remaining_disconnected_components
BDMAP_00000006,vertebrae_L4,3,3,58.5357666015625,58.5357666015625,0,0,remaining_disconnected_components
BDMAP_00000006,vertebrae_L3,1,1,57.196044921875,57.196044921875,0,0,
BDMAP_00000006,vertebrae_L2,1,1,47.91717529296875,47.91717529296875,0,0,
BDMAP_00000006,vertebrae_L1,2,1,44.27337646484375,44.20623779296875,44,0,
BDMAP_00000006,vertebrae_T12,1,1,43.16864013671875,43.16864013671875,0,0,
BDMAP_00000006,vertebrae_T11,3,1,38.35906982421875,38.30413818359375,36,0,
BDMAP_00000006,vertebrae_T10,1,1,37.5396728515625,37.5396728515625,0,0,
BDMAP_00000006,vertebrae_T9,1,1,31.55670166015625,31.55670166015625,0,0,
BDMAP_00000006,vertebrae_T8,1,1,30.36651611328125,30.36651611328125,0,0,
BDMAP_00000006,vertebrae_T7,1,1,27.33917236328125,27.33917236328125,0,0,
BDMAP_00000006,vertebrae_T6,2,1,25.3448486328125,25.3387451171875,4,0,
BDMAP_00000006,vertebrae_T5,2,1,23.47259521484375,23.46038818359375,8,0,
BDMAP_00000006,vertebrae_T4,1,1,21.7987060546875,21.7987060546875,0,0,
BDMAP_00000006,vertebrae_T3,1,1,20.1629638671875,20.1629638671875,0,0,
BDMAP_00000006,vertebrae_T2,1,1,20.32012939453125,20.32012939453125,0,0,
BDMAP_00000006,vertebrae_T1,1,1,21.51947021484375,21.51947021484375,0,0,
BDMAP_00000006,vertebrae_C7,1,1,17.83599853515625,17.83599853515625,0,0,
BDMAP_00000006,vertebrae_C6,2,1,11.5203857421875,11.5081787109375,8,0,
BDMAP_00000006,vertebrae_C5,1,1,10.19287109375,10.19287109375,0,0,
BDMAP_00000006,vertebrae_C4,1,1,11.8438720703125,11.8438720703125,0,0,
BDMAP_00000006,vertebrae_C3,3,1,10.35614013671875,10.30731201171875,32,0,
BDMAP_00000006,vertebrae_C2,4,1,18.53790283203125,18.35479736328125,120,0,centroid_order_review
BDMAP_00000006,vertebrae_C1,5,4,15.04974365234375,14.95513916015625,62,0,remaining_disconnected_components; centroid_order_review
BDMAP_00000031,vertebrae_L5,1,1,62.18084436342979,62.18084436342979,0,0,
BDMAP_00000031,vertebrae_L4,2,1,68.21657033486073,68.2083823345119,14,0,
BDMAP_00000031,vertebrae_L3,3,1,68.9143049360155,68.89441979231118,34,0,
BDMAP_00000031,vertebrae_L2,4,1,52.89038825333478,52.628372242171885,448,0,
BDMAP_00000031,vertebrae_L1,10,5,23.268542419901188,23.204792988613786,109,0,remaining_disconnected_components
BDMAP_00000031,vertebrae_T12,9,3,61.600666052997674,61.48135519077171,204,0,remaining_disconnected_components
BDMAP_00000031,vertebrae_T11,11,3,59.89346798026444,59.40979110251508,827,0,remaining_disconnected_components
BDMAP_00000031,vertebrae_T10,8,2,55.52400007982252,55.327488071450354,336,0,remaining_disconnected_components
BDMAP_00000031,vertebrae_T9,10,6,35.80203152530479,35.560485515014,413,0,remaining_disconnected_components
BDMAP_00000031,vertebrae_T8,9,6,55.56903408174115,55.503530078950426,112,0,remaining_disconnected_components
BDMAP_00000031,vertebrae_T7,9,5,41.54474405568081,41.45409119467578,155,0,remaining_disconnected_components
BDMAP_00000031,vertebrae_T6,7,4,32.189368799962836,32.147259083883085,72,0,remaining_disconnected_components
BDMAP_00000031,vertebrae_T5,3,2,29.22648238801815,29.224142959347052,4,0,remaining_disconnected_components
BDMAP_00000031,vertebrae_T4,3,2,24.853505344569584,24.84882648722739,8,0,remaining_disconnected_components
BDMAP_00000031,vertebrae_T3,2,2,23.272051562907833,23.272051562907833,0,0,remaining_disconnected_components
BDMAP_00000031,vertebrae_T2,2,2,23.532313002567403,23.532313002567403,0,0,remaining_disconnected_components
BDMAP_00000031,vertebrae_T1,3,2,23.15917412952739,23.156834700856294,4,0,remaining_disconnected_components
BDMAP_00000031,vertebrae_C7,5,2,17.26439873553005,17.187782446551616,131,0,remaining_disconnected_components
BDMAP_00000031,vertebrae_C6,8,1,15.885890391085988,15.792313244242097,160,0,
BDMAP_00000031,vertebrae_C5,2,1,14.309700323934205,14.302682037920913,12,0,
BDMAP_00000031,vertebrae_C4,3,1,12.790826259224305,12.717719113252516,125,0,
BDMAP_00000031,vertebrae_C3,1,1,12.518867676209247,12.518867676209247,0,0,
BDMAP_00000031,vertebrae_C2,1,1,18.4019459268511,18.4019459268511,0,0,
BDMAP_00000031,vertebrae_C1,6,2,15.995258681459786,15.961336965728876,58,0,remaining_disconnected_components
